mean_fit_time,std_fit_time,mean_score_time,std_score_time,param_max_depth,param_n_estimators,params,split0_test_score,split1_test_score,split2_test_score,mean_test_score,std_test_score,rank_test_score
5.407247543334961,0.08418480993758037,0.03632195790608724,0.002054256079843909,,50,"{'max_depth': None, 'n_estimators': 50}",-0.7610518063583814,-0.7217420054200543,-0.6587236856368563,-0.7138391658050973,0.042147378155582844,3
10.673411846160889,0.1889870199214123,0.06665984789530437,0.0016951344052438195,,100,"{'max_depth': None, 'n_estimators': 100}",-0.7727242052023121,-0.7348300993676603,-0.6401412646793134,-0.7158985230830952,0.05575758522326794,4
3.6675848166147866,0.019182243607363557,0.025659958521525066,0.0004689539445323162,10,50,"{'max_depth': 10, 'n_estimators': 50}",-0.7600518333394488,-0.7334520650910578,-0.6428588953861657,-0.712120931272224,0.05016512154228446,2
7.513984680175781,0.15238973182250987,0.05098517735799154,0.003556848067528193,10,100,"{'max_depth': 10, 'n_estimators': 100}",-0.7493243170898278,-0.7249333930395414,-0.6324906097316964,-0.7022494399536886,0.050321963988317314,1
